error,reached.threshold,steps
5.32803675014554e-05,9.99511410355127e-05,171
